Ulasan,username
sesuai pesanan,M***i
baru di coba semoga cocok,agus
Okeeeeeeeeeeeeeeeeeeeeeeeeeeeeeeeeeeeeeeee,D***i
"Rata2 exp 2027, barang bagus dan ok. Mudah2an khasiatnya baik..",R***i
"barangnya lengkap, aman cepat, utk khasiatnya belum bisa di ceritain",Asrul
"semoga cocok dan sembuh, amin",Muhammad
Bismillah sembuh,Denny
hasilnya lumayan baik,denas
"admin gercep, insya Allah bisa sembuh dengan ikhtiar obat Nashir",rizal
Produk bagus,Y***A
"produknya sesuai dengan deskripsi, semoga aman dan berkhasiat dikonsumsi",Edhoe
"Pesanan sangat cepat sampai
Sy pesan cocacola nya saat sahur
Jam 10 pagi barang sudah tiba
Dan barangnya tidak ada yg penyok atau rusak
Sangat memuaskan
Trima kasih",martiny
barang sih baru nyampe belum tak coba tapi sayangnya barangnya lambat tibanya,Ngurah
Belum dicoba,Tomy
sesuai deskripsi.. terima kasih ..........,Lius
"Kemasan aman,",J***o
"Barang sampai dgn kondisi baik, packaging rapi dan semoga cocok bisa repear order",s***M
semoga bermanfaat untuk membersihkan kulit dari kuman kotoran,E***y
"yang ambeien mesti pakai ini, bener bener bermanfaat",Alamsyah
"yang ini belum dicoba sih, cuma percaya aja sama brand nya",Alamsyah
Alhamdulillah semoga bermanfaat sehat selalu,N***y
"Minta Tolong Respon Penjual lebih cepat lagi , Pengiriman juga lama. Diproses nya juga lama. Terimakasih ğŸ™",Christian
"Dipaketkan dengan baik, pengiriman cepat...terima kasih",aip
Paketnya sdh smp dgn aman. Packing juga ok. Seller gercep. Kurir juga ok,Ferry
ori,Deniswong
sesuai deskripsi.. terima kasih.. semoga cocok,Lius
Oke. barang sudah sampai. tidak ada kerusakan meskipun packing mengalami sedikit cedera. semoga cocok dengan pengguna nya. terima kasihğŸ˜˜ğŸ’•,Hikaraider
"Paket datang dengan baik,. semoga Obat nya ampuh sesuai dengan Iklan.",Adi
belum coba tapi barang sudah sampai semoga bagus,Upa
"belum dicoba, cuma yg kurang menyenangkan, kenapa mesti ditulis lengkap begini sih dipaketnya",E***r
